Source,Target,Label,Weight
Yannimal1981,NYDailyNews,social media,1
bahasatulisan,NYDailyNews,social media,1
UniofHerts,ChristophSalge,robotics,1
PoetsAndQuants,HECParisExecEd,entrepreneurship,1
UniOfYork,AlexiconReid,psychology,1
HANnl,lghvandenbroek,therapy,1
UniWestminster,CEC_UoW,entrepreneurship,1
navalhistorian,Dr_VMosienko,neuroscience,1
shaunwalters041,NYDailyNews,social media,1
AmyCroucher_,bmatsfg,architecture,1
deeochoa10,NYDailyNews,social media,1
ianwalker,v_simulators,psychology,1
EdinburghNapier,ENUApplyScience,sustainability,1
obedbyamukama1,PEspinosaC,climate change,2
ecoireland,NYDailyNews,social media,1
saltycomment,NYDailyNews,social media,1
skyaislyn_,NYDailyNews,social media,1
pansexualnaruto,NYDailyNews,social media,1
VictoriaGallery,JohnShaw_71,architecture,1
AstraZeneca,VibhutiJPatel,innovation,1
UWTSD,calmgirl,psychology,1
uptecporto,futcomputing,biological,4
CyclingSurgeon,ManiraAhmad,artificial intelligence,2
ReneeB_75,NYDailyNews,social media,1
nadhimzahawi,CSkidmoreUK,innovation,1
WPI,JosephSarkis63,economics,2
DigiCatapult,StuffandStories,artificial intelligence,1
UniofGreenwich,landscape_gre,architecture,1
ralanshirley,LouiseHall_7,patients,1
corradofrankiie,NYDailyNews,social media,1
TUeindhoven,InnoOrigins,cell,5
KyYaYa1970,NYDailyNews,social media,1
Andrew4Pendle,ShefUniNews,innovation,1
ProfJohnAllen,APDobbs,chemistry,1
LoughboroughSU,LboroSport,physics,1
LSBU,LSBU_REI,sustainability,1
igkaushic,NYDailyNews,social media,1
DianaHollins,NYDailyNews,social media,1
UniofHerts,mmscheunemann,robotics,2
jenntatum2,NYDailyNews,social media,1
GMITOfficial,GMITSLO,pathways,1
SwanseaUni,Swansea_Law,criminology,1
RRocheNeuro,MUpsychdept,psychology,1
donnchanuig,hynessight,innovation,1
DrFouziaSadiq,imperialcollege,diabetes,1
victoria_holt,ianfordham,artificial intelligence,3
enriquevarsi,enriquevarsi,biological,2
Bruneluni,Brunel_InnovHub,entrepreneurship,4
theBluecoat,wowfest,geography,1
MurriaBhavesh,NYDailyNews,social media,1
sipmar,uopequality,physics,1
drivetimerte,RTERadio1,robotics,1
UniSouthWales,USWResearch,healthcare,1
UniOfYork,UoYGlobal,artificial intelligence,2
climateunion,citizensclimate,climate change,1
DavidBugnon,Libertyworld,cyber security,1
chiuni,skemathschi,innovation,2
steely_glint,jupiterorbit,cyber security,3
JLu_97,NYDailyNews,social media,1
ucl,AGBeale,architecture,1
derbyquad,robotday1,robotics,1
EDHEC_BSchool,ranialabaki,entrepreneurship,1
monderram,CREMEatAston,entrepreneurship,1
AstonUniversity,24housing,physics,1
lorcanbannon,TCDTangent,innovation,1
emmaljones,FitbakesUk,entrepreneurship,1
marksimpkins,UAL_CCi,climate change,1
lborouniversity,NavtejJohal,climate change,2
univgroningen,michaelgrr,climate change,1
ahrcpress,BBCFreeThinking,architecture,2
KTNUK,CyberASAP,cyber security,2
AMLTaylor66,UCLanICSC,economics,1
BigRedBench,ucc_gaa,physics,1
palaumusicacat,ralsinap,neuroscience,1
wordfinga,NYDailyNews,social media,1
CLIC_Sargent,RydalPenrhos,cancer,1
sedyst,CyberSecTUDelft,cyber security,1
NatureComms,endothelialnews,cell,2
tcddublin,rte,medicine,2
BangorUni,DrSPNeill,pathways,1
UTwente,berilsirmacek,artificial intelligence,1
kvyleighx34,NYDailyNews,social media,1
CityUniLEaD,maryannkernan,innovation,1
padebby,NYDailyNews,social media,1
UniofNottingham,UoNSport,chemistry,1
GlyndwrUni,MyddeltonCol,cyber security,2
StaffsUni,StaffsUniNews,artificial intelligence,1
chiuni,ianworden,social media,1
HerefordEZ,marcheslep,cyber security,1
univofstandrews,m_windridge,chemistry,1
_tristin__,NYDailyNews,social media,1
UniofNottingham,UoNAppEnglish,innovation,1
FabbriJulie,valeriejobardPR,entrepreneurship,1
oxford_brookes,ScienceBazaar,artificial intelligence,2
IrPsych,PsychSocIreland,psychology,1
trevourauls,NYDailyNews,social media,1
NatHealthNut,GilesYeo,cell,2
hadassg0,NYDailyNews,social media,1
HarperAdamsUni,FarmersGuide,innovation,1
graemekcook,BestwickC,climate change,2
CebmOxford,Richards_G_C,healthcare,2
uniofbrighton,UBICBrighton,therapy,1
x_loveparis_x,NYDailyNews,social media,1
RoehamptonUni,CeciliaEssau,psychology,1
oxford_brookes,glass_tank,architecture,5
StirBES,drheatherprice,geography,1
Katpa73,NYDailyNews,social media,1
tatertottitties,NYDailyNews,social media,1
ucl,AlisonDolling,sustainability,1
HarperAdamsUni,CLAsouthwest,robotics,1
ShelaghAHP,CalvinMoorley,social media,1
UniofHerts,DrCGautrey,therapy,2
br_suchislife,NYDailyNews,social media,1
crystal4dasha,NYDailyNews,social media,1
DataKind,SAGEOceanTweets,artificial intelligence,1
nidhalaigh,DrMoniqueMann,cyber security,2
wlv_uni,WlvBusiness,entrepreneurship,1
UWTSD,lshubwales,innovation,3
drawdoowaraz,NYDailyNews,social media,1
UniversityLeeds,UoL_Sus,sustainability,1
Kevin_Jackson,danielnewmanUV,artificial intelligence,2
SixDegreesNews,AdaptClimate,climate change,1
AngliaRuskin,scellek,innovation,2
univgroningen,NobelPrize,physics,1
sopakurt,NYDailyNews,social media,1
RoyalAgUni,struttandparker,entrepreneurship,1
msb_miami,NYDailyNews,social media,1
UniofHerts,KarenAnneBarton,innovation,1
JMBurns99,neiler1967,artificial intelligence,2
AbertayUni,HsdMaths,artificial intelligence,1
matteofarinella,royalsociety,physicist,3
estuparitz,NYDailyNews,social media,1
Cranfield_RIO,KTPDurham,artificial intelligence,1
BergTiti,HiLIFE_helsinki,cancer,3
DrdaveAnddee,NYDailyNews,social media,1
DTaruscio,ern_reconnet,economics,1
RichSimmondsZA,WearablesExpert,entrepreneurship,2
talshalev1,Ostrov_A,artificial intelligence,1
PNASNews,DrCWilliams1,climate change,2
drmgoeswild,lorainefarrelly,architecture,3
AdrianKavanagh,con20or,drones,2
HarperAdamsUni,DrJennaRoss,artificial intelligence,4
NHS,PhysioSamMcIver,patients,1
OxfordPhysics,JadePowell01,physics,1
Shauntrel17,NYDailyNews,social media,1
raymondcurran,NIProjectECHO,patients,1
LivUni,livunisustain,sustainability,1
UniofNottingham,EMCCHotel,architecture,1
RobertGordonUni,Fiona_Go,innovation,1
AngryNiteNinja,NYDailyNews,social media,1
Aligg,InnovationRGU,entrepreneurship,1
DCMS,jodrellbank,astronomy,1
tcddublin,Education_Ire,innovation,1
ProfMarkMaslin,natapp_uk,climate change,3
barbielessly,NYDailyNews,social media,1
tcddublin,y_buckley,biological,3
Hydrogen2O,NYDailyNews,social media,1
akure6,medical_xpress,diabetes,1
UniofOxford,robertcourts,innovation,1
medway_council,EmPoints,economics,1
unibirmingham,buzzunibham,economics,2
LCBoxing,NYDailyNews,social media,1
DLopez_xo,NYDailyNews,social media,1
itssarizbeth,NYDailyNews,social media,1
pjrogers7,ZSLScience,climate change,2
VNaylah,NYDailyNews,social media,1
regentsuni,RegentsLT,entrepreneurship,1
ITSligoGAAClub,itsligo,climate change,2
AClarke1984,UofGMVLS,infection,2
EPSRC,OpenResLeeds,robotics,1
joemckendrick,SpirosMargaris,artificial intelligence,3
UniKent,UniKentComp,artificial intelligence,3
jasmineest02,NYDailyNews,social media,1
sahara1977513,NYDailyNews,social media,1
uniofbeds,SystemicInquiry,therapy,1
kdgorospe,URI_fisheries,climate change,2
lindsdd,NYDailyNews,social media,1
effy2308,NYDailyNews,social media,1
harsh_co,UniWestPress,artificial intelligence,1
UniofHerts,sgryanUH,artificial intelligence,4
neuroconscience,CFIN_AU,neuroscience,1
UniofReading,UniRdg_Research,climate change,2
SnookiLoveDolls,NYDailyNews,social media,1
big_churros,NYDailyNews,social media,1
GNairambulance,GordonHEMS,patients,1
emiliagogu,vdignum,artificial intelligence,1
inocean6,NYDailyNews,social media,1
UniofGreenwich,reddyarch,architecture,2
milkyknj,NYDailyNews,social media,1
Dalek_fan,jesswade,biological,2
imperialcollege,guardian,entrepreneurship,1
social_seer,NYDailyNews,social media,1
bgoyo,NYDailyNews,social media,1
Louisemac,KirstenUrquhart,artificial intelligence,1
RLawrencewagner,NYDailyNews,social media,1
laura_jazo,NYDailyNews,social media,1
Karlaahhbeelle,NYDailyNews,social media,1
BarnabySmithUK,katatrepsis,climate change,1
Dagmar_Germany,hertslieutenant,entrepreneurship,1
PFEW_HQ,PFEW_Chair,robotics,1
ca_fink,ctrlamb,economics,2
GoleShivma,NYDailyNews,social media,1
oxford_brookes,brookespoetry,robotics,1
DublinCityUni,mitchelloconnor,artificial intelligence,2
ThinkUHI,JohnSwinney,robotics,1
rainwheeze,NYDailyNews,social media,1
LboroRDM,melissaterras,social media,1
nuigalway,GreenCampusNUIG,sustainability,1
FrecklesXX20,NYDailyNews,social media,1
vanessaalvar3zz,NYDailyNews,social media,1
AberdeenUniLaw,DrKevinJBrown,medicine,1
RussellHorsey,pjmhiatus,medicine,1
AlanJones2008,QUBarch,architecture,4
angels_xr,NYDailyNews,social media,1
UEL_News,TangeUK,architecture,3
VisitBristol,_SpikeIsland,geography,1
ResearchDigest,drtimlomas,psychology,1
UUKIntl,StudyUKBritish,robotics,1
RichFid2,NYDailyNews,social media,1
emeliolivia_x,NYDailyNews,social media,1
KeeleUniversity,ForeverKeele,social media,2
bluebox99,andrewirelandHE,innovation,1
heretakis,sandrabpvc,artificial intelligence,1
jennifernunez1,NYDailyNews,social media,1
lovillalee,NYDailyNews,social media,1
githala_rahul,NYDailyNews,social media,1
PinarTremblay,aydinonat,artificial intelligence,1
PlymUni,ZSLScience,climate change,2
NBSnet,iioannoulbs,sustainability,1
GroupHarding,professor_dave,economics,1
arianacristal21,NYDailyNews,social media,1
bbcburnsy,judson_ian,social media,1
univgroningen,HubFederation,artificial intelligence,1
UniofHerts,button03_4,therapy,1
teamxgina,NYDailyNews,social media,1
jazbutler2000,NYDailyNews,social media,1
AngliaRuskin,ARUEngagement,criminology,2
yooonieverse,NYDailyNews,social media,1
UniCampusAV,cerisimsposmind,psychology,1
alanmcn1,KeithRMatthews,infection,1
SheffUniEng,ShefACSE,robotics,1
janetpooley,tatham_andrew,patients,1
AbertayUni,StuartPentelow,artificial intelligence,1
MidYorksChamber,UoHBusinessSch,innovation,1
SteveThackeray,LacLaurence,innovation,1
EMLYON,makerslab_,innovation,1
PoetsAndQuants,AlainGoudey,artificial intelligence,1
lyssymariee,NYDailyNews,social media,1
UniofExeter,mike_morecroft,artificial intelligence,1
E_perdigon,NYDailyNews,social media,1
UEL_News,RDSBL_UEL,social media,1
alanmcn1,unibirm_MDS,infection,1
SydneyManuel5,NYDailyNews,social media,1
waterlevels,SE_Rivers_Trust,climate change,2
UTwente,MinnavanGerven,economics,1
MyBCU,SLTatBCU,therapy,2
UTwente,DeEnigma_EU,robotics,1
BioStew,SandraWachter5,artificial intelligence,1
Mondiablue,NYDailyNews,social media,1
Frances_Coppola,cacrisalves,economics,1
BSAS_org,Roslinnovation,innovation,1
aniisaxo,NYDailyNews,social media,1
UniofHerts,aprilcruelmonth,astronomy,1
Jenniffer_hqz,NYDailyNews,social media,1
JoshFrazier6,NYDailyNews,social media,1
CEStewartPhD,SymeonDagkas,physics,1
ElephantParkLDN,HWSouthwark,medicine,2
pauljebb1,EHUPressOffice,innovation,1
seinecle,BlueSky_Edu,artificial intelligence,2
AbertayUni,murdo_fraser,cyber security,1
covcampus,covunieec,artificial intelligence,7
UniStrathclyde,STEM4Brit,chemistry,1
NUMBER007BOND,NYDailyNews,social media,1
PassarelliAllan,NYDailyNews,social media,1
tveitdal,SDGbergen,climate change,1
unisontweets,unisonyh,healthcare,1
paulaaaars_,NYDailyNews,social media,1
RachelAnnMills,amymoore1st,climate change,1
aidanhorner,IrisVanRooij,computer science,1
RealWisdomJuice,NYDailyNews,social media,1
UniofHerts,CTGtraining,physics,1
londonukm,UofGMVLS,infection,2
lulubelle666,NYDailyNews,social media,1
39KillerQueens,NYDailyNews,social media,1
lucifer__evil,NYDailyNews,social media,1
saif_anzary,NYDailyNews,social media,1
UniSouthWales,USWProAcademy,drones,1
strathearnrose,HistEnvScot,climate change,2
UniofOxford,NDCNOxford,patients,1
TiarraaMarieee,NYDailyNews,social media,1
Fexco_cpayments,siliconrepublic,artificial intelligence,1
lychylin,NYDailyNews,social media,1
UWTSD,WTWales,climate change,2
StirUni,drheatherprice,geography,1
BioMedCentral,KSR_SysRev,artificial intelligence,1
cardiffuni,DIACardiffUni,artificial intelligence,3
ThinkUHI,MadeAtUni,patients,1
ianwalker,DoctoralBath,sustainability,1
djmitchell21,EmmaTollefsen,architecture,1
paladine,NYDailyNews,social media,1
UoCCareers,suvolunteering,social media,1
drmjiwani,RCGPNWLondon,healthcare,1
DurhamPolice,AstonPress,artificial intelligence,1
UTwente,wdhollosy,artificial intelligence,2
UCC,mariannegusto,sustainability,1
TheNakedLawyer,BlackCountryBF,artificial intelligence,6
ProfDavidWilson,ProfLizYardley,criminology,4
sapphobint,NYDailyNews,social media,1
_cxlty,NYDailyNews,social media,1
mikealbeland,NYDailyNews,social media,1
KingsCollegeLon,CulturalKings,physics,1
YourStMarys,lisamainwaring,social media,1
UniWestScotland,stcadocsprimary,artificial intelligence,1
Galenchey_se,NYDailyNews,social media,1
DonaRogers20,NYDailyNews,social media,1
DottyBaker,knowlewestmedia,robotics,2
Livingstone_S,catedramuv1,cyber security,1
DigiCatapult,UKSINet,artificial intelligence,1
WHU_edu,DFaems,innovation,1
ucddublin,CharlesUCD,cell,3
RoySocMed,_unhindr,innovation,1
ElevatorUK,Brian_McNicoll,entrepreneurship,1
UniWestScotland,UWSEdFutures,innovation,1
tinykidzjm,NYDailyNews,social media,1
jselanikio,AndrewYNg,artificial intelligence,1
HarperAdamsUni,wendy_hewitson,drones,3
learnhospice,agadoud,medicine,1
unisouthampton,antodg16,chemistry,5
tcddublin,EngineerIreland,innovation,2
inside,BhavnaGuyadeen,artificial intelligence,2
ucl,OptoLia,physics,4
xiaochienchi,NYDailyNews,social media,1
eileensastalker,NYDailyNews,social media,1
oxford_brookes,OBU_Psychology,psychology,1
AbertayUni,DundeeCulture,innovation,1
AberUni,aberuninews,physicist,2
UEL_News,DrCarrieWeston,robotics,1
Sale_ExNut,SymeonDagkas,physics,1
sunderlanduni,Fashion_North,therapy,1
_QueenofStaves,NYDailyNews,social media,1
Sue__Moss,SallyOHal,social media,1
Stockholm_Uni,PAIR_ZU,economics,1
BlueSeas111,NYDailyNews,social media,1
suttontrust,MMCareers,pathways,1
ucddublin,UCD_Geography,physics,1
Oxfam,CGDUCC,economics,1
MazzucatoM,CSkidmoreUK,innovation,1
BristolUni,schien,sustainability,1
gilienv,NITIAayog,artificial intelligence,3
Prof_johnbrewer,PeaceJourn,social media,1
UPFBarcelona,talnupf,architecture,2
Arcdox,GRAHAM_Digital,artificial intelligence,2
bydesigngroup,TBB_EMidlands,robotics,1
UEuropea,Daily_Experts,physics,1
UniOfYork,JamesJ11_96,astronomy,1
Dorian_Grazy,NYDailyNews,social media,1
envyysaiya,NYDailyNews,social media,1
aleks_is_a_bee,NYDailyNews,social media,1
NursingTimes,Crouchendtiger7,innovation,1
UWTSD,NestWales,entrepreneurship,1
AlfieM98GJones,NYDailyNews,social media,1
UniofExeter,Renewables_UoE,climate change,2
MAV_0528,NYDailyNews,social media,1
AbertayUni,AbertayCareers,healthcare,1
ElizaFilippouli,oxfoundry,artificial intelligence,1
CaledonianNews,si_exchange,innovation,1
57NorthHacklab,codethecity,artificial intelligence,3
veenas_water,IndiaUKWater,innovation,1
univgroningen,rug_gmw,psychology,4
timcardol,Phil_Baty,robotics,1
ChotiDeepu,NYDailyNews,social media,1
tcddublin,NeuroscienceIRL,neuroscience,1
AstonUniversity,BBCBreakfast,artificial intelligence,2
drchrisjcarter,linedotcreative,entrepreneurship,1
univofstandrews,NCUBtweets,innovation,1
AliciaOshlack,drjosephpowell,cell,2
lborouniversity,MaidenPsych96,psychology,1
hoterminus,AliAbunimah,biological,2
AbertayUni,JusteneEwing,cyber security,1
UniofNottingham,registrarism,chemistry,1
sheepio,KidneyWales,patients,1
UniWestScotland,profcolinclark,social media,4
Real_Insights,CITenterprise,entrepreneurship,2
indsoc100,NYDailyNews,social media,1
CaledonianNews,BBCScotNine,infection,1
lutoncouncil,Voluntaryworks,social media,1
MetMUnch,NusratkRD,sustainability,1
chiuni,ChiUniPsych,psychology,4
HECParis,faivre_tavignot,artificial intelligence,1
CitizensUK,Petebrierley,entrepreneurship,1
Anfarey,NYDailyNews,social media,1
RobertGordonUni,CScotIC,innovation,1
Polytechnique,JNB__X,innovation,1
RobinKwong,RIBA_London,architecture,1
Rohit40997321,NYDailyNews,social media,1
cialanis,NYDailyNews,social media,1
ellaadoran,NYDailyNews,social media,1
EcoNerd_I_Am,NYDailyNews,social media,1
uclh,UCL_OVPA,patients,1
steve_mccabe,BHPComms,cancer,6
bmj_latest,UniofOxford,artificial intelligence,2
Leic_hospital,RutlandLL,cancer,3
bohaynowell,GilesYeo,cell,2
teresanorth,Farm491,physics,1
JANUSZCZAK,aribreist,biological,2
DataSciTechScot,DataSciRookie,artificial intelligence,2
philip_ciwf,FAJagoda,sustainability,1
Sexmurderbass,NYDailyNews,social media,1
debbiemanley,SalfordUniNews,drones,2
morriseric,ITyndall,psychology,1
sassmajesty,UofGMVLS,infection,2
me_satyaa,NYDailyNews,social media,1
ProfSteveKeen,EwaKarwowski,economics,1
FalmouthUni,JemJ13,innovation,1
divinecharizma,NYDailyNews,social media,1
NorthumbriaUni,peoplesvoice,innovation,1
monggaard,JeanetBentzen,economics,1
pinchehugs,NYDailyNews,social media,1
BriscoeTanayia,NYDailyNews,social media,1
Drjohnhorgan,OrlaLynch_ol,criminology,2
warwickuni,AllyUoWPhysics,physics,1
baasitsiddiqui,bevcr,entrepreneurship,1
bhannan,NYDailyNews,social media,1
jiddler62,NYDailyNews,social media,1
juleitzya_,NYDailyNews,social media,1
ktrashtm_,NYDailyNews,social media,1
sursmi,LyttOss,artificial intelligence,1
portsmouthuni,NyeSaunders,architecture,1
IrishCancerSoc,AppSocScs_LIT,cancer,1
Gar1e,UofGMVLS,infection,2
LSBU,LSBU_HSC,healthcare,2
CraigProfessor,BCU_Psychology,psychology,1
UniUtrecht,UniBarcelona,sustainability,1
UTwente,RBurie,healthcare,2
CHRGatKCL,r4hcmena,healthcare,1
dmuleicester,DMUSpecialColls,artificial intelligence,1
Cranfield_RIO,NofScotland_KTP,chemistry,1
DanMulhall,DanMulhall,climate change,1
sisterdanielst1,NYDailyNews,social media,1
Technologiepark,DumeleLab,chemistry,1
colaistetreasa,Fedwards_,artificial intelligence,1
UoMNews,OfficialUoM,diabetes,1
covcampus,CUITServiceDesk,cyber security,3
DublinCityUni,InspirefestHQ,innovation,2
johnpeavoy,Smarttech01,cyber security,1
ks_1968,NYDailyNews,social media,1
BjornKHaugland,UiBrector_Olsen,sustainability,1
RickyRaka9,NYDailyNews,social media,1
JayAnn980,NYDailyNews,social media,1
yrodriguez6530,NYDailyNews,social media,1
Write4Research,AWHarzing,social media,2
MazzucatoM,HertfordCollege,innovation,1
Veritas_Tweets,ben_derbyshire,architecture,1
HollyJessup,NYDailyNews,social media,1
johnwalsh88,VoiceofNursing_,healthcare,1
BodleianHCL,oxforduni_repo,diabetes,1
Uni_of_Essex,EssexSocSci,cyber security,1
BristolUni,CMMBristol,cell,3
resilientwoman8,GilesYeo,cell,2
cindyinchaos,NYDailyNews,social media,1
OrlaFlynnCIT,rubiconcentre,entrepreneurship,2
dmuleicester,DMUArchitecture,architecture,1
UniofExeter,edenproject,sustainability,1
11thHourLib,NYDailyNews,social media,1
GagneLegal,connect2teach,artificial intelligence,3
BristolUni,bristol_smart,artificial intelligence,2
paulducheine,DennisBroeders,cyber security,1
luisabrimble,jolennan,climate change,2
YourStMarys,CarlaMeijen,psychology,1
IMOHQ,WMUHQ,economics,1
TheRealXtinaP,NYDailyNews,social media,1
fester_thomas,MyGoodPlanet,climate change,2
UniWestScotland,N1colaHay,sustainability,1
naomitimperley,SalfordUniNews,psychology,1
AngeCMJ,UCDinnovation,cancer,3
realscientists,NMI_DE,artificial intelligence,1
philbabe,NYDailyNews,social media,1
kajolpat3l,NYDailyNews,social media,1
Sundownocean,NYDailyNews,social media,1
PabloGoP,NYDailyNews,social media,1
sciencespo,txst,cancer,1
geosolshawna,NYDailyNews,social media,1
RebeccaLuff,fringeacademy,social media,1
BrendaStrachan,royalsociety,physicist,3
covcampus,CU_FutureLets,physics,1
ucddublin,ei_canada,healthcare,1
kate_wall98,PhilipTonner,physics,1
unisouthampton,socimpsoton,sustainability,1
IPBES,IPBES,artificial intelligence,2
umaprasadt,NYDailyNews,social media,1
tuecursor,TUeHTSC,innovation,2
RNCMvoice,hannahmccabe01,entrepreneurship,1
Harry_Newton_,alistairbeech,social media,1
kimleannelliot,NYDailyNews,social media,1
WCumbriaCarers,suvolunteering,social media,1
nicolasnicola22,HistAstro,astronomy,1
ISBUSA,CCThinnes,biological,3
UniofOxford,DailyInfoOxford,physics,1
univgroningen,EurekAlert,biological,2
xgracejohannax,NYDailyNews,social media,1
UEL_News,KnowledgeDockBC,entrepreneurship,2
suemarietta,NYDailyNews,social media,1
UniWestScotland,UWS_hockey,cancer,2
CambridgeJBS,kavadias_s,innovation,1
villetolvanen,FinlandinCanada,artificial intelligence,1
Unicorn46289264,NYDailyNews,social media,1
ImperialNHS,DrLynneSykes,patients,1
inez0106,NYDailyNews,social media,1
UniCreativeArts,cantarch,architecture,4
CSSDLondon,DrNickyA,patients,1
SwanseaUni,MPBAUK,sustainability,1
evildollhouse,NYDailyNews,social media,1
JarlathOBrien,MsJoBillington,psychology,1
ouffjulia,NYDailyNews,social media,1
imperialcollege,ImperialAI,artificial intelligence,1
SassyNeveragain,NYDailyNews,social media,1
ChristianG420,NYDailyNews,social media,1
PartyNextScore,NYDailyNews,social media,1
marc_lamers,LancasterPress,climate change,1
UniofHerts,izspilka,artificial intelligence,2
stoopidboi,NYDailyNews,social media,1
ucl,MazzucatoM,innovation,1
pablo_artal,Lo_um,innovation,2
CityUniLondon,cassbusiness,entrepreneurship,1
ArcticFlame32,NYDailyNews,social media,1
Onioyansa,NYDailyNews,social media,1
ShawlandsAcad,ShawlandsRARA,psychology,5
Christi54789292,NYDailyNews,social media,1
helsinkiuni,samikaski,artificial intelligence,1
Anthony63265451,NYDailyNews,social media,1
lexxwill_,NYDailyNews,social media,1
GlyndwrUni,WGUNorthop,criminology,4
MatthewPope,AnsonMackay,climate change,1
BarnetCouncil,WoodhouseCol,biological,2
Astroholl,HistAstro,astronomy,1
theresphysics,keelingcurve,climate change,1
tcddublin,ClinSpeechTCD,therapy,1
balfourbeatty,gedcouser,architecture,1
Sir_Gyo,NYDailyNews,social media,1
BPSOfficial,KentPsychology,psychology,1
aaaliyah9,NYDailyNews,social media,1
AnthonyMoya_,NYDailyNews,social media,1
_cchichaa,NYDailyNews,social media,1
medicineandlaw,drmelaniepope,innovation,1
RCA,ellieracheldare,artificial intelligence,1
ddipu,dundeeuni,climate change,1
maricarjagger,Anderson_Ethics,artificial intelligence,1
Beba111201,NYDailyNews,social media,1
oxford_brookes,OxHRF,geography,1
GSofA,MadeAtUni,medicine,1
UniofHerts,LamResearch,robotics,2
NoSQLDigest,BSC_CNS,architecture,2
EMLYON,valeriejobardPR,entrepreneurship,1
InfoSchoolSheff,johncoup,social media,1
MaTreekaRogers,NYDailyNews,social media,1
KANutrition,GilesYeo,cell,2
SkyiDwella346,NYDailyNews,social media,1
MalteLaub,ECPR,sustainability,1
EngineShed_BB,GLWhatmore,artificial intelligence,2
NiCHE_Canada,rsgfletcher,geography,1
esther_schuch,DorothyDankel,sustainability,1
marksimpkins,kn_webster,artificial intelligence,1
niscifest,GeoConor,drones,2
Jisc,PodcastEdtech,artificial intelligence,2
_jimduggan,RyanInstitute,climate change,1
bebemillan,NYDailyNews,social media,1
the_SRA,PrueLeith,economics,1
TheNobleGasbag,keelingcurve,sustainability,1
UCC,OxfamIreland,economics,1
noor_moalla,meganrowling,climate change,2
univofstandrews,HuntersHistory_,physics,1
RoyalFreeNHS,PrenatalTherapy,cancer,3
RobertGordonUni,MohawkPathways,pathways,1
audencia,JenCGoodman,sustainability,3
RudyCluzel,PEspinosaC,architecture,3
BPSOfficial,ResearchDigest,psychology,1
fedelowe,DeepMindAI,artificial intelligence,2
ladyinlksd,NYDailyNews,social media,1
univgroningen,RitsertJansen,patients,2
UniSouthWales,USWGeography,geography,2
PatrickHilsman,NYDailyNews,social media,1
DublinCityUni,RTEBrainstorm,physics,2
LynnClark74,suvolunteering,social media,1
StaffsUni,MadeAtUni,computer science,1
mappelab,pippociorra,architecture,1
uofglibrary,UofGMVLS,infection,2
chestertweetsuk,brygriffiths,healthcare,1
owenboswarva,SandraWachter5,artificial intelligence,1
Uni_of_Essex,EIRA_eARC,entrepreneurship,1
EdinburghNapier,shepwedd,entrepreneurship,1
spacegovuk,SpaceCareersUK,physics,3
FulbrightAwards,UniSotonIntl,artificial intelligence,1
SwanseaUni,TheScientistsC,cancer,2
tcddublin,theperchcafe,sustainability,1
jemberga,IngaSpringe,innovation,1
UCLLifeLearning,OpenCityDocs,artificial intelligence,4
understudypanc,DiabetesUK,diabetes,2
sheffielduni,alyciamllim,medicine,2
wlv_sport,UCTelford_wlv,physics,1
NursingTimes,SteveJFord,patients,1
keshavs18,NYDailyNews,social media,1
goddessofserene,NYDailyNews,social media,1
syfye,NYDailyNews,social media,1
GraemeTR,NCUBtweets,sustainability,1
rubiaaxz,NYDailyNews,social media,1
cumfycritter09,UofGMVLS,infection,2
jesswade,royalsociety,physicist,3
AkunnaChilaka,NYDailyNews,social media,1
victorpasc,ZeroRoboticsSp1,robotics,1
Charlot22496083,tcddublin,healthcare,1
pgroth,jjnoordegraaf,artificial intelligence,1
andylynn91,NYDailyNews,social media,1
geolsoc,IanDuncanHMG,innovation,1
cifuckingara,NYDailyNews,social media,1
bbcburnsy,MeehanMedia,climate change,2
jmikey,NYDailyNews,social media,1
SAGEmedia_comm,SAGEManagement,social media,1
AngliaRuskin,IZAWorldofLabor,economics,2
maineng218,NYDailyNews,social media,1
njmonline,MarietFeltkamp,cell,2
rmathematicus,royalsociety,physicist,3
eillakeille,NYDailyNews,social media,1
mohammedil,royalsociety,physicist,3
UniFAU,Schackii_C,physics,1
Bluebirdlouise,GilesYeo,cell,2
FrankPasquale,bendotolsen,artificial intelligence,2
thundermccrackn,NYDailyNews,social media,1
thatquirkyhuman,NYDailyNews,social media,1
AberUni,SueDCHA,climate change,1
CaledonianNews,Sunday_Post,psychology,1
EMLYON,Mitsuaki_Vinot,entrepreneurship,1
regentsuni,ThatNeilMartin,psychology,1
covcampus,CovUniCareers,social media,1
kerryhood,NCPHWR_Wales,healthcare,1
JuliaRyann_,NYDailyNews,social media,1
vimsu,aberdeenuni,medicine,1
delusss_,NYDailyNews,social media,1
socialpsychUK,reneebleau,psychology,1
KantanMT,AdaptCentre,artificial intelligence,2
MatthewThroup,HudCompEng,computer science,1
NDissmeyer,cvoiniciuc,biological,2
StoryingShef,JulieDaviesUK,innovation,1
ardovig,ryanezmunoz,therapy,1
wlv_uni,RSAcommunity,entrepreneurship,1
KTNUK,VentureFestScot,healthcare,1
UniOfHull,HullYorkMed,patients,1
UNCityCPH,UNEPDTU,climate change,5
1nomdeplume,NYDailyNews,social media,1
UKinIndia,NewtonFund,infection,1
SalfordPsych,VHalliwellOT,therapy,1
vincentlao18,NYDailyNews,social media,1
littledevil147,NYDailyNews,social media,1
DNVGL,PaulMcNeillis,sustainability,1
worcester_uni,greengowns,sustainability,1
KingsCollegeLon,jonathancgrant,sustainability,1
BathSpaUni,katepullinger,artificial intelligence,1
DrSRP1,Stacey_Coates,medicine,1
_sunshineloveee,NYDailyNews,social media,1
ToulouseBS,mh_heit,innovation,1
NHM_London,eden2020eu,robotics,1
WHU_edu,WHU_WIPO,economics,1
SoundWellMusic,cimtr_aru,psychology,1
JanVivekananda,meganrowling,climate change,2
NHSBartsHealth,A_WilliamsNHS,healthcare,1
ProfMyoOo,bmj_latest,healthcare,1
BrankoMilan,HarvardUPLondon,economics,1
pattiJadkins,NYDailyNews,social media,1
UniKent,KentPsychology,psychology,7
corbstellation,NYDailyNews,social media,1
DrMarcBailey,JournalVascRes,cell,3
DrNicoRose,NielsQuaquebeke,artificial intelligence,1
richardbogle,jcspratt,patients,1
HECParis,HECParisMBA,artificial intelligence,11
LBS,LBSAfricaClub,innovation,1
leedsbeckett,PHE_YorksHumber,physics,3
tcddublin,drechsler_paul,innovation,1
ShayariSaha,NYDailyNews,social media,1
AlexMFornal,NYDailyNews,social media,1
SimonRBaty,LJMUinnovation,artificial intelligence,1
sciencespo,VidalFrederique,entrepreneurship,1
KTNUK,KTNUK_Health,innovation,2
uniofeastanglia,MadeAtUni,robotics,1
NavyNana2,NYDailyNews,social media,1
CinziaPG,melissaterras,social media,1
mightbevanhogh,NYDailyNews,social media,1
univofstandrews,smcgregor101,pathways,2
ucl,UCLAlumni,therapy,1
rt_bambino,NYDailyNews,social media,1
LBS,LBSEntrepreneur,entrepreneurship,1
ZFTWARNING,meganrowling,climate change,2
lindayueh,greateconomists,economics,1
UniofHerts,JamesMcL,innovation,4
RAFF_group,HelenJqRimmer,climate change,1
jakec5ak,NYDailyNews,social media,1
scotent,GillianCay,cancer,1
SussanSays,medical_xpress,cell,2
otepofficial,NYDailyNews,social media,1
tudelft,RolfHut,physics,1
CraigProfessor,CraigProfessor,psychology,1
UniWestminster,jimmy_mac,social media,1
karlgimblett,KeeleBusiness,innovation,1
unisouthampton,UoSEngineering,innovation,3
sguriev,EUISoU,economics,1
mashnlabel,NYDailyNews,social media,1
TheGreenParty,alexforeurope,climate change,2
LovToRideMyTrek,NYDailyNews,social media,1
aidanhorner,JohnnyFoxe,neuroscience,1
giuliabruzzese8,NYDailyNews,social media,1
imperialcollege,InventionRooms,innovation,1
unisouthampton,FutureWorlds,entrepreneurship,2
northmoncbs,CITScience4Life,chemistry,2
voicesofthegods,NYDailyNews,social media,1
PODglen,KEconomicConf,economics,1
UKGBC,ClimateKIC,climate change,3
TheDukeOfYork,pitchatpalace,entrepreneurship,2
gypsydangermelz,NYDailyNews,social media,1
UCLAlumni,UCL_OVPA,patients,1
RoyalHolloway,RHElecEng,innovation,1
WarwickBSchool,helpnetsecurity,cyber security,1
SyncNI,SyncNIStudents,artificial intelligence,1
lenatimes,NYDailyNews,social media,1
UWTSD,EduEstWales,innovation,1
nicole_symondsx,NYDailyNews,social media,1
BangorUni,EM_WABangor,psychology,1
claudelittner,UWL_SCE,artificial intelligence,1
KeeleUniversity,MarkOrmerod4,sustainability,3
suehowlett23,NYDailyNews,social media,1
tai_pod,NYDailyNews,social media,1
AnnaDumitriu,ImpaktFestival,robotics,1
UniofHerts,computingchamps,computer science,2
unisouthampton,NursingTimes,patients,1
AndyNeely,gilienv,entrepreneurship,2
daniel_kraft,ExponentialMed,cell,3
sheffielduni,facultyscience,chemistry,2
marqbarack,NYDailyNews,social media,1
AaltoUniversity,samikaski,artificial intelligence,1
DiegoMendez02_,NYDailyNews,social media,1
redjennnys,NYDailyNews,social media,1
cmwg_ato,CamBioanth,climate change,1
aberdeenuni,IanDuncanHMG,innovation,1
ElfantasmaBoo,NYDailyNews,social media,1
unisouthampton,SotonBusiness,entrepreneurship,2
UniKent,drillhalllib,therapy,1
CholatFlorent,ROSEnet_Action,economics,2
AstonUniversity,lemarksmith,economics,1
UniofExeter,JamesGDyke,climate change,2
uhm_yikes_,NYDailyNews,social media,1
raysaortizLULAC,NYDailyNews,social media,1
its__camcam,NYDailyNews,social media,1
tuecursor,Ei_PSI,cyber security,1
jeffAndersonUSN,NYDailyNews,social media,1
ETH_en,Phil_Baty,robotics,1
StudyUWTSD,MadeAtUni,innovation,1
UniofExeter,ExeterMed,diabetes,2
NewsReputation,JLBlasco_me,sustainability,1
DavidPriceUCL,UCLPALS,sustainability,1
stevenawoor,AndrewVCuff,pathways,1
BangorUni,StephenLokier,geography,2
MrKayNti,NYDailyNews,social media,1
Bobduff1,NYDailyNews,social media,1
AngliaRuskin,cimtr_aru,psychology,1
pleasuntly,NYDailyNews,social media,1
argonne,argonne_lcf,artificial intelligence,2
CARTIFCT,Ansip_EU,artificial intelligence,1
KingsCollegeLon,BullDeborah,economics,2
MOSAICgroup1,csbdresden,computer science,1
CouponTammy,NYDailyNews,social media,1
breannaag23,NYDailyNews,social media,1
worcester_uni,DesMcD,geography,1
UWTSD,UwtsdA,entrepreneurship,1
hayfestival,UWTSD,sustainability,1
bournemouthuni,jumpengagement,sustainability,1
DublinCityUni,siliconrepublic,climate change,2
loudogbarking,NYDailyNews,social media,1
MAACONDABEAT,NYDailyNews,social media,1
AvAforBLUE,NYDailyNews,social media,1
DerbyUni,Shain50,entrepreneurship,1
OfficialUoM,alumniUoM,psychology,1
AbertayUni,InterfaceOnline,innovation,3
Patrick_Henz,BarryOSullivan,artificial intelligence,1
PsychToday,MarkWTravers,psychology,1
dmgof5sos,NYDailyNews,social media,1
ThinkUHI,DyslexiaScotInv,innovation,1
PROSENJITKAR4,NYDailyNews,social media,1
Sale_ExNut,James_Morehen,medicine,1
royalhospital,SP_Collis,patients,1
RyanAcademy,muirtheimhne,pathways,2
umanistranieri,meganrowling,climate change,2
pmphillips,UCDDiscovery,artificial intelligence,1
cgarside,UniversityLeeds,physics,1
TEWV,SDexterSmith,healthcare,1
TeaJunkie1,jodrellbank,astronomy,1
gra_design,codethecity,artificial intelligence,3
mah_nosheen,NYDailyNews,social media,1
ronniecowan,ArtScienceDoc,neuroscience,1
teagasc,thatsfarming,biological,2
StaffsUni,buckley_smith,psychology,1
UniversityLeeds,N8research,sustainability,1
peachberries_,NYDailyNews,social media,1
ThinkUHI,ColostomyUK,patients,2
Sandyshark,PhelanVicky,cancer,1
PhysicsNews,IoPNorthEast,astronomy,2
vend_e,NYDailyNews,social media,1
CaledonianNews,UoB_Geography,geography,1
chelsea_bannon,NYDailyNews,social media,1
ozlem_canel,FinEmbNL,artificial intelligence,1
luislamb,vardi,artificial intelligence,1
alvarez_nimer,NYDailyNews,social media,1
Seth0Neill,drkeithstokes,cyber security,1
EdJalapeeno,NYDailyNews,social media,1
UniNorthants,UNICstudents,healthcare,1
RMGirlUK,adrianshort,cyber security,2
Talkwalker,AnnaBeduschi,artificial intelligence,1
YorkKnightsRLFC,DaneVishnubala,medicine,1
UniLeedsStaff,leedsteaching,social media,1
TCDLaunchbox,TCDTangent,entrepreneurship,1
VentureValkyrie,Emeor,artificial intelligence,2
HelpSheffield,SheffieldType,diabetes,1
uniofeastanglia,dmuleicester,entrepreneurship,2
youly_b,NYDailyNews,social media,1
UniKent,biokent,biological,4
leggedrobotics,anybotics,robotics,1
brittney_amador,NYDailyNews,social media,1
OgnianZlatev,GabrielMariya,artificial intelligence,1
DanyaDanekyants,NYDailyNews,social media,1
RoyalAgUni,countrysidefund,entrepreneurship,1
tampagirl19655,NYDailyNews,social media,1
UniNorthants,nick_petford,innovation,1
UniofHerts,HertfordshireCS,computer science,5
SustMeme,DoctoralBath,sustainability,1
fergusonelaine,SocScience_Crim,criminology,1
Comite21,Polytechnique,sustainability,1
tudelft,ArnoSmets,cell,2
Lancs_FireDCFO,LFRS_Tim,drones,3
aaliyahkaili,NYDailyNews,social media,1
MisterOWL9,NYDailyNews,social media,1
STEMPowerGirls,WomenDoingSci,biological,4
BPSOfficial,psychmag,psychology,1
imprintzm,NYDailyNews,social media,1
jodiimiiller,NYDailyNews,social media,1
laila_elise9,NYDailyNews,social media,1
HoZ_Books,Ben_garrod,biological,2
lauryn_smh,NYDailyNews,social media,1
sevenbeescafe,btnhovefood,sustainability,1
HarperAdamsUni,skillsupplyuk,drones,2
CmiloseMilose,NYDailyNews,social media,1
HECParis,CSODEMEA,artificial intelligence,1
KTNUK,KyraAllenEdin,sustainability,1
Herron1664,UofGMVLS,infection,2
RoyMeijer,HWU_RCCS,climate change,1
James_BRHOP,JLee_Row,pathways,1
Cambridge_Uni,RoyalAstroSoc,astronomy,1
dalielusakura,NYDailyNews,social media,1
FenixWild,NYDailyNews,social media,1
hvngp,NYDailyNews,social media,1
unige_en,FLAHAULT,medicine,1
witchlair,NYDailyNews,social media,1
Nwestmarland,anoushkatwining,criminology,1
melOnaMelocoton,NYDailyNews,social media,1
sansamelons,NYDailyNews,social media,1
Nichalpkfan,NYDailyNews,social media,1
univofstandrews,HeriotWattUni,cancer,1
MarcosBL,hipolitoguzman,robotics,1
dmneverfails,NYDailyNews,social media,1
JaneSepmeier,NYDailyNews,social media,1
ERC_Research,itqbunl,infection,1
MajorJikk,NYDailyNews,social media,1
HarperAdamsUni,scienceheather,geography,2
LeedsTrinity,LTUPsychology,criminology,3
CIPhilVickers,FSBEastMids,cyber security,1
fiannafailparty,UCD_SDG,sustainability,1
feraldata,vclaTUwien,artificial intelligence,3
INASPinfo,EvanTeijlingen,infection,4
YourStMarys,ShortCoursesCPD,economics,1
BrioMerKury,NYDailyNews,social media,1
linneuni,YvonneBecherini,astronomy,1
boucherhayes,ExerciseOps,medicine,2
CliC_WCRP,CRESCENDO_H2020,climate change,3
TheRealNews,dimitrilascaris,climate change,2
Getaheadrecruit,NEPIC_Ltd,innovation,1
bblackxblackk,NYDailyNews,social media,1
PattiBraun1,NYDailyNews,social media,1
KendYEEE,NYDailyNews,social media,1
BL_AdiKS,melissaterras,social media,1
wurmtwit,ArtScienceDoc,neuroscience,1
bmj_latest,emahase95,healthcare,1
unileon,AdrianaSurezCo1,pathways,1
DrUmeshPrabhu,VoiceofNursing_,healthcare,1
audencia,AdeshSMittalkod,entrepreneurship,2
DavidPriceUCL,uclmaps,astronomy,4
Friends_UoB_TC,bristolfemuse,architecture,1
uochester,UoCInter,entrepreneurship,1
francescrook,ourcriminalpast,criminology,3
tvamshikrishna_,NYDailyNews,social media,1
urbankitchen,GilesYeo,cell,2
Azalia_ReneeZ,NYDailyNews,social media,1
StaffsUni,StaffsPsych,psychology,1
NursingTimes,EmmaRickards,therapy,1
laurenrossini,NYDailyNews,social media,1
biancacavicchi,avdjeugd,neuroscience,1
DAAD_Germany,ResearchGermany,cyber security,1
BathSpaUni,CreativeBath,artificial intelligence,2
TeessideUni,tjuthompson,medicine,1
ITRTG,Primary_Immune,artificial intelligence,3
Yeoimguille,NYDailyNews,social media,1
gail_does_art,NYDailyNews,social media,1
DataDiva,demishassabis,artificial intelligence,2
nuigalway,nuigalway,artificial intelligence,5
UniKent,PGRepShelly,therapy,1
raalaw1,MarkOrmerod4,sustainability,1
yougavemethebes,NYDailyNews,social media,1
Jisc,martin_hamilton,artificial intelligence,1
QMSU,shandelsam,cancer,4
ahrcpress,Cardiffuninews,psychology,1
KarlieWarne,NYDailyNews,social media,1
JasonMcCartney,CSkidmoreUK,innovation,1
BPSOfficial,drtimlomas,psychology,1
UniStrathclyde,UniStrathNews,entrepreneurship,1
rickeybolin,NYDailyNews,social media,1
Jimin_ssai,NYDailyNews,social media,1
HHLnews,idw_online_en,entrepreneurship,1
AwkwardWriterT,NYDailyNews,social media,1
jussi_lehtinen,helsinkiuni,artificial intelligence,1
SarahK_Hall,melissaterras,social media,1
PLOSONE,LG_Egea,climate change,2
WPXI,WPXIAaronMartin,patients,1
kaitozian,NYDailyNews,social media,1
aflemieux,CTProject_SM,social media,1
LaceyDermot,rte,sustainability,1
Sale_ExNut,MusSarkar,psychology,1
_shoegal68,NYDailyNews,social media,1
RoyalSaddler,NYDailyNews,social media,1
NAIASDetroit,UCamEnterprise,innovation,1
AaronCKing11,NYDailyNews,social media,1
itsKaRinS,NYDailyNews,social media,1
g4l4drim,aurelsec,cyber security,1
Miles_Brundage,DeepMindAI,artificial intelligence,1
eevriviades,CyprusInUK,cyber security,2
tcddublin,MarkRae19,diabetes,1
realJOELP,NYDailyNews,social media,1
cristinaalp,ipfconline1,artificial intelligence,2
BangorUni,PsychBangor,psychology,5
nikthakkar,niyiftw,physics,1
TerapiaUBU,FlorinDanPopesc,medicine,1
TrinityLaban,nermindaul,climate change,2
ElizabethRozen4,NYDailyNews,social media,1
iceman_ex,dr_mattmorgan,medicine,1
univgroningen,BernoulliInsti2,artificial intelligence,4
MolecularCell,biocores_,cell,4
Unibocconi,rotondivale,robotics,1
KA_Nicholas,LUCSUS_LU,sustainability,1
H2020SME,fet_eu,innovation,1
jamiesonlab,CarolynBertozzi,cell,3
VanityXv,NYDailyNews,social media,1
whippletom,demishassabis,artificial intelligence,2
ThinkUHI,news_RSE,chemistry,2
rosegoldfins,NYDailyNews,social media,1
DFID_UK,DHSCgovuk,innovation,1
Kab_amit,NYDailyNews,social media,1
MarpleLeaf,sheffielduni,economics,1
KirstiLonka,teemu_roos,artificial intelligence,1
TracySoNotCraz1,NYDailyNews,social media,1
Write4Research,FlavinMarie,healthcare,1
LBS,helene_rey,economics,1
TonyCapone4,NYDailyNews,social media,1
IPBES,animaltracking,climate change,1
UniOfHull,bedform,climate change,1
_mariwalls,KauranenMartti,innovation,2
julerosee,NYDailyNews,social media,1
WordOnTheCurbUK,PuddiSRC,social media,1
nuigalway,camdiary,architecture,1
LabourStudents,LlafurMyfyrwyr,economics,1
StaffsUni,StaffsChambers,entrepreneurship,4
givemetap,SocentConnect,innovation,1
louisebrady17,VoiceofNursing_,healthcare,1
Grigortw,GRAHAM_Digital,artificial intelligence,2
goofy_g00nie,NYDailyNews,social media,1
suepeac,NYDailyNews,social media,1
EB_RPGs,NYDailyNews,social media,1
_ahbry,NYDailyNews,social media,1
cordeliapierce,NYDailyNews,social media,1
Physio_Ben,ThePhySoc,biological,2
sadierosette,NYDailyNews,social media,1
AbertayUni,smcgregor101,pathways,2
NTNU,NTNUnorway,artificial intelligence,2
BloombergRadio,LuminousVC,artificial intelligence,4
MazzucatoM,bradford_pathol,economics,2
LeiblerMark,Ostrov_A,innovation,1
canisgallicus,BScNeuroUCC,neuroscience,1
frankmcdonald60,RIAIOnline,architecture,1
unibirmingham,TobiasRobotics,robotics,1
ClareFMLib,royalsociety,physicist,3
GreatGIFT1,NicolaBaker25,psychology,1
twinkgoo,NYDailyNews,social media,1
SmitsLab,HeinemannLab,cell,2
HeriotWattUni,CanDoScotland,innovation,2
UniofExeter,UniofExeter,sustainability,1
jo_ute,MolBiolAU,cell,2
zoemc91,NYDailyNews,social media,1
Bruneluni,hownowmag,architecture,1
